INSERT INTO `mydb`.`teachers` (`idTeachers`, `f_name`, `s_name`, `m_name`, `position`, `department`, `company`, `contact_number`) VALUES ('1', 'Mano', 'Narraway', 'Jaine', 'Electrical Engineer', 'Engineering', 'Tagpad', '2123507575');
INSERT INTO `mydb`.`teachers` (`idTeachers`, `f_name`, `s_name`, `m_name`, `position`, `department`, `company`, `contact_number`) VALUES ('2', 'Barde', 'Edsall', 'Rosette', 'Nuclear Power Engineer', 'Business Development', 'Cogidoo', '1429072003');
INSERT INTO `mydb`.`teachers` (`idTeachers`, `f_name`, `s_name`, `m_name`, `position`, `department`, `company`, `contact_number`) VALUES ('3', 'Teddi', 'Clarycott', 'Kriste', 'VP Marketing', 'Product Management', 'Digitube', '9573821094');
INSERT INTO `mydb`.`teachers` (`idTeachers`, `f_name`, `s_name`, `m_name`, `position`, `department`, `company`, `contact_number`) VALUES ('4', 'Joelie', 'Compford', 'Janela', 'Media Manager III', 'Research and Development', 'Yakitri', '4091988955');
INSERT INTO `mydb`.`teachers` (`idTeachers`, `f_name`, `s_name`, `m_name`, `position`, `department`, `company`, `contact_number`) VALUES ('5', 'Shel', 'Clowton', 'Amanda', 'Junior Executive', 'Services', 'Oyondu', '4597221945');
INSERT INTO `mydb`.`teachers` (`idTeachers`, `f_name`, `s_name`, `m_name`, `position`, `department`, `company`, `contact_number`) VALUES ('6', 'Riva', 'Beedie', 'Josh', 'Project Manager', 'Legal', 'Realbridge', '5915918496');
INSERT INTO `mydb`.`teachers` (`idTeachers`, `f_name`, `s_name`, `m_name`, `position`, `department`, `company`, `contact_number`) VALUES ('7', 'Tedmund', 'Benyon', 'Vyky', 'Business Systems Development Analyst', 'Training', 'Edgeblab', '7747534616');
INSERT INTO `mydb`.`teachers` (`idTeachers`, `f_name`, `s_name`, `m_name`, `position`, `department`, `company`, `contact_number`) VALUES ('8', 'Stevie', 'Broader', 'Izzy', 'Community Outreach Specialist', 'Services', 'Kwilith', '2628103133');
INSERT INTO `mydb`.`teachers` (`idTeachers`, `f_name`, `s_name`, `m_name`, `position`, `department`, `company`, `contact_number`) VALUES ('9', 'Klement', 'Leibold', 'Barby', 'Chief Design Engineer', 'Human Resources', 'Twitterbridge', '1566358078');
INSERT INTO `mydb`.`teachers` (`idTeachers`, `f_name`, `s_name`, `m_name`, `position`, `department`, `company`, `contact_number`) VALUES ('10', 'Tedd', 'Vedenyakin', 'Kesley', 'Health Coach I', 'Business Development', 'Dynabox', '8976649662');
INSERT INTO `mydb`.`teachers` (`idTeachers`, `f_name`, `s_name`, `m_name`, `position`, `department`, `company`, `contact_number`) VALUES ('11', 'Corrie', 'Lapsley', 'Desi', 'Design Engineer', 'Training', 'Vitz', '6592870214');
INSERT INTO `mydb`.`teachers` (`idTeachers`, `f_name`, `s_name`, `m_name`, `position`, `department`, `company`, `contact_number`) VALUES ('12', 'Laurella', 'Trenfield', 'Brewer', 'Executive Secretary', 'Services', 'Jatri', '2938221576');
INSERT INTO `mydb`.`teachers` (`idTeachers`, `f_name`, `s_name`, `m_name`, `position`, `department`, `company`, `contact_number`) VALUES ('13', 'Roslyn', 'Wardingly', 'Alyce', 'Senior Financial Analyst', 'Services', 'Tambee', '7009816441');
INSERT INTO `mydb`.`teachers` (`idTeachers`, `f_name`, `s_name`, `m_name`, `position`, `department`, `company`, `contact_number`) VALUES ('14', 'Bobbie', 'Batch', 'Evelyn', 'Paralegal', 'Business Development', 'Rhycero', '5878375524');
INSERT INTO `mydb`.`teachers` (`idTeachers`, `f_name`, `s_name`, `m_name`, `position`, `department`, `company`, `contact_number`) VALUES ('15', 'Leisha', 'Benton', 'Tessi', 'Senior Financial Analyst', 'Marketing', 'Agivu', '6273364706');
INSERT INTO `mydb`.`teachers` (`idTeachers`, `f_name`, `s_name`, `m_name`, `position`, `department`, `company`, `contact_number`) VALUES ('16', 'Norine', 'Chaster', 'Blondell', 'Help Desk Technician', 'Support', 'Thoughtsphere', '3491219110');
INSERT INTO `mydb`.`teachers` (`idTeachers`, `f_name`, `s_name`, `m_name`, `position`, `department`, `company`, `contact_number`) VALUES ('17', 'Perle', 'Felten', 'Alvinia', 'Statistician IV', 'Support', 'Yodel', '3395487846');
INSERT INTO `mydb`.`teachers` (`idTeachers`, `f_name`, `s_name`, `m_name`, `position`, `department`, `company`, `contact_number`) VALUES ('18', 'Danielle', 'Jindracek', 'Brynna', 'Dental Hygienist', 'Support', 'Oyoba', '4954691529');
INSERT INTO `mydb`.`teachers` (`idTeachers`, `f_name`, `s_name`, `m_name`, `position`, `department`, `company`, `contact_number`) VALUES ('19', 'Aeriell', 'Clissold', 'Orland', 'Actuary', 'Legal', 'Brightbean', '3865681137');
INSERT INTO `mydb`.`teachers` (`idTeachers`, `f_name`, `s_name`, `m_name`, `position`, `department`, `company`, `contact_number`) VALUES ('20', 'Orelia', 'Dakin', 'Bronson', 'Systems Administrator III', 'Accounting', 'Edgeify', '5628648236');

/*
-- Query: SELECT * FROM mydb.trainings
LIMIT 0, 1000

-- Date: 2018-06-18 22:35
*/
INSERT INTO `trainings` (`idTrainings`,`name`,`date_start`,`date_end`,`head`,`country`,`describe`) VALUES (1,'Stronghold','2018-04-25','2017-09-26',16,'Bosnia and Herzegovina','Nulla justo. Aliquam quis turpis eget elit sodales scelerisque. Mauris sit amet eros. Suspendisse accumsan tortor quis turpis. Sed ante.');
INSERT INTO `trainings` (`idTrainings`,`name`,`date_start`,`date_end`,`head`,`country`,`describe`) VALUES (2,'Lotstring','2018-05-09','2018-05-05',7,'Indonesia','Nam ultrices, libero non mattis pulvinar, nulla pede ullamcorper augue, a suscipit nulla elit ac nulla. Sed vel enim sit amet nunc viverra dapibus. Nulla suscipit ligula in lacus. Curabitur at ipsum ac tellus semper interdum.');
INSERT INTO `trainings` (`idTrainings`,`name`,`date_start`,`date_end`,`head`,`country`,`describe`) VALUES (3,'It','2018-03-10','2018-01-23',17,'Brazil','Maecenas ut massa quis augue luctus tincidunt. Nulla mollis molestie lorem. Quisque ut erat. Curabitur gravida nisi at nibh.');
INSERT INTO `trainings` (`idTrainings`,`name`,`date_start`,`date_end`,`head`,`country`,`describe`) VALUES (4,'Domainer','2018-01-29','2018-04-05',15,'Greenland','Nullam porttitor lacus at turpis.');
INSERT INTO `trainings` (`idTrainings`,`name`,`date_start`,`date_end`,`head`,`country`,`describe`) VALUES (5,'Ventosanzap','2017-09-15','2018-04-22',13,'China','Pellentesque ultrices mattis odio. Donec vitae nisi. Nam ultrices, libero non mattis pulvinar, nulla pede ullamcorper augue, a suscipit nulla elit ac nulla. Sed vel enim sit amet nunc viverra dapibus. Nulla suscipit ligula in lacus.');
INSERT INTO `trainings` (`idTrainings`,`name`,`date_start`,`date_end`,`head`,`country`,`describe`) VALUES (6,'Hatity','2017-11-29','2017-12-14',4,'China','Phasellus in felis. Donec semper sapien a libero. Nam dui. Proin leo odio, porttitor id, consequat in, consequat ut, nulla.');
INSERT INTO `trainings` (`idTrainings`,`name`,`date_start`,`date_end`,`head`,`country`,`describe`) VALUES (7,'Tempsoft','2018-01-16','2018-04-03',3,'Peru','Duis ac nibh. Fusce lacus purus, aliquet at, feugiat non, pretium quis, lectus. Suspendisse potenti. In eleifend quam a odio. In hac habitasse platea dictumst.');
INSERT INTO `trainings` (`idTrainings`,`name`,`date_start`,`date_end`,`head`,`country`,`describe`) VALUES (8,'Domainer','2018-03-29','2017-08-22',10,'China','Quisque porta volutpat erat. Quisque erat eros, viverra eget, congue eget, semper rutrum, nulla. Nunc purus. Phasellus in felis.');
INSERT INTO `trainings` (`idTrainings`,`name`,`date_start`,`date_end`,`head`,`country`,`describe`) VALUES (9,'Bitchip','2017-06-26','2017-08-16',5,'Indonesia','Mauris ullamcorper purus sit amet nulla. Quisque arcu libero, rutrum ac, lobortis vel, dapibus at, diam.');
INSERT INTO `trainings` (`idTrainings`,`name`,`date_start`,`date_end`,`head`,`country`,`describe`) VALUES (10,'Fintone','2018-03-18','2018-03-26',15,'Portugal','Sed sagittis. Nam congue, risus semper porta volutpat, quam pede lobortis ligula, sit amet eleifend pede libero quis orci. Nullam molestie nibh in lectus. Pellentesque at nulla. Suspendisse potenti.');
INSERT INTO `trainings` (`idTrainings`,`name`,`date_start`,`date_end`,`head`,`country`,`describe`) VALUES (11,'Y-Solowarm','2017-08-13','2017-10-13',12,'Madagascar','Vestibulum ante ipsum primis in faucibus orci luctus et ultrices posuere cubilia Curae; Mauris viverra diam vitae quam. Suspendisse potenti. Nullam porttitor lacus at turpis.');
INSERT INTO `trainings` (`idTrainings`,`name`,`date_start`,`date_end`,`head`,`country`,`describe`) VALUES (12,'Kanlam','2018-03-18','2018-01-14',20,'Portugal','Integer tincidunt ante vel ipsum. Praesent blandit lacinia erat. Vestibulum sed magna at nunc commodo placerat. Praesent blandit.');
INSERT INTO `trainings` (`idTrainings`,`name`,`date_start`,`date_end`,`head`,`country`,`describe`) VALUES (13,'Bigtax','2018-02-21','2018-03-02',9,'China','In sagittis dui vel nisl. Duis ac nibh.');
INSERT INTO `trainings` (`idTrainings`,`name`,`date_start`,`date_end`,`head`,`country`,`describe`) VALUES (14,'Lotlux','2018-05-02','2018-01-10',19,'Colombia','Mauris enim leo, rhoncus sed, vestibulum sit amet, cursus id, turpis.');
INSERT INTO `trainings` (`idTrainings`,`name`,`date_start`,`date_end`,`head`,`country`,`describe`) VALUES (15,'Duobam','2017-08-21','2017-09-17',1,'Indonesia','Duis consequat dui nec nisi volutpat eleifend. Donec ut dolor. Morbi vel lectus in quam fringilla rhoncus. Mauris enim leo, rhoncus sed, vestibulum sit amet, cursus id, turpis. Integer aliquet, massa id lobortis convallis, tortor risus dapibus augue, vel accumsan tellus nisi eu orci.');
INSERT INTO `trainings` (`idTrainings`,`name`,`date_start`,`date_end`,`head`,`country`,`describe`) VALUES (16,'Alphazap','2018-02-24','2018-05-22',14,'Indonesia','Morbi vel lectus in quam fringilla rhoncus. Mauris enim leo, rhoncus sed, vestibulum sit amet, cursus id, turpis. Integer aliquet, massa id lobortis convallis, tortor risus dapibus augue, vel accumsan tellus nisi eu orci.');
INSERT INTO `trainings` (`idTrainings`,`name`,`date_start`,`date_end`,`head`,`country`,`describe`) VALUES (17,'Flexidy','2018-05-02','2018-02-23',7,'China','Quisque id justo sit amet sapien dignissim vestibulum. Vestibulum ante ipsum primis in faucibus orci luctus et ultrices posuere cubilia Curae; Nulla dapibus dolor vel est.');
INSERT INTO `trainings` (`idTrainings`,`name`,`date_start`,`date_end`,`head`,`country`,`describe`) VALUES (18,'Regrant','2018-04-19','2018-03-04',15,'Afghanistan','Quisque ut erat. Curabitur gravida nisi at nibh.');
INSERT INTO `trainings` (`idTrainings`,`name`,`date_start`,`date_end`,`head`,`country`,`describe`) VALUES (19,'Fix San','2018-05-18','2017-08-23',18,'Japan','Proin risus. Praesent lectus.');
INSERT INTO `trainings` (`idTrainings`,`name`,`date_start`,`date_end`,`head`,`country`,`describe`) VALUES (20,'Toughjoyfax','2018-03-07','2018-03-30',18,'Poland','Nullam sit amet turpis elementum ligula vehicula consequat.');

/*
-- Query: SELECT * FROM mydb.groups
LIMIT 0, 1000

-- Date: 2018-06-18 22:37
*/
INSERT INTO `groups` (`idGroups`,`name`,`number_of_students`,`chief`,`idTraining`) VALUES (1,'30','13',17,8);
INSERT INTO `groups` (`idGroups`,`name`,`number_of_students`,`chief`,`idTraining`) VALUES (2,'17','43',14,11);
INSERT INTO `groups` (`idGroups`,`name`,`number_of_students`,`chief`,`idTraining`) VALUES (3,'9','49',18,3);
INSERT INTO `groups` (`idGroups`,`name`,`number_of_students`,`chief`,`idTraining`) VALUES (4,'22','21',19,18);
INSERT INTO `groups` (`idGroups`,`name`,`number_of_students`,`chief`,`idTraining`) VALUES (5,'27','86',11,13);
INSERT INTO `groups` (`idGroups`,`name`,`number_of_students`,`chief`,`idTraining`) VALUES (6,'9','34',1,11);
INSERT INTO `groups` (`idGroups`,`name`,`number_of_students`,`chief`,`idTraining`) VALUES (7,'11','11',2,1);
INSERT INTO `groups` (`idGroups`,`name`,`number_of_students`,`chief`,`idTraining`) VALUES (8,'9','6',6,12);
INSERT INTO `groups` (`idGroups`,`name`,`number_of_students`,`chief`,`idTraining`) VALUES (9,'12','35',17,2);
INSERT INTO `groups` (`idGroups`,`name`,`number_of_students`,`chief`,`idTraining`) VALUES (10,'24','89',1,19);
INSERT INTO `groups` (`idGroups`,`name`,`number_of_students`,`chief`,`idTraining`) VALUES (11,'9','30',16,16);
INSERT INTO `groups` (`idGroups`,`name`,`number_of_students`,`chief`,`idTraining`) VALUES (12,'5','97',11,20);
INSERT INTO `groups` (`idGroups`,`name`,`number_of_students`,`chief`,`idTraining`) VALUES (13,'29','15',1,19);
INSERT INTO `groups` (`idGroups`,`name`,`number_of_students`,`chief`,`idTraining`) VALUES (14,'26','96',9,3);
INSERT INTO `groups` (`idGroups`,`name`,`number_of_students`,`chief`,`idTraining`) VALUES (15,'21','58',15,11);
INSERT INTO `groups` (`idGroups`,`name`,`number_of_students`,`chief`,`idTraining`) VALUES (16,'4','68',11,8);
INSERT INTO `groups` (`idGroups`,`name`,`number_of_students`,`chief`,`idTraining`) VALUES (17,'23','64',2,16);
INSERT INTO `groups` (`idGroups`,`name`,`number_of_students`,`chief`,`idTraining`) VALUES (18,'4','45',4,7);
INSERT INTO `groups` (`idGroups`,`name`,`number_of_students`,`chief`,`idTraining`) VALUES (19,'16','73',18,11);
INSERT INTO `groups` (`idGroups`,`name`,`number_of_students`,`chief`,`idTraining`) VALUES (20,'18','12',12,10);

/*
-- Query: SELECT * FROM mydb.students
LIMIT 0, 1000

-- Date: 2018-06-18 22:39
*/
INSERT INTO `students` (`idStudents`,`f_name`,`s_name`,`m_name`,`group`,`date_in`,`date_out`,`status`,`birthday`,`education`,`contact_number`,`additional_information`) VALUES (1,'Dani','Tippett','Miller',2,'2018-02-06','2018-04-02',0,'1986-11-14','Universitas Negeri Makassar','4343652051','Etiam pretium iaculis justo. In hac habitasse platea dictumst. Etiam faucibus cursus urna. Ut tellus.');
INSERT INTO `students` (`idStudents`,`f_name`,`s_name`,`m_name`,`group`,`date_in`,`date_out`,`status`,`birthday`,`education`,`contact_number`,`additional_information`) VALUES (2,'Grantham','Palliser','Chelsae',1,'2018-03-09','2017-07-29',0,'1996-12-29','Panzhihua University','7598316631','In hac habitasse platea dictumst. Etiam faucibus cursus urna.');
INSERT INTO `students` (`idStudents`,`f_name`,`s_name`,`m_name`,`group`,`date_in`,`date_out`,`status`,`birthday`,`education`,`contact_number`,`additional_information`) VALUES (3,'Goraud','Bailes','Ansell',3,'2017-09-24','2017-10-20',0,'1966-08-05','Gediz University','7829891378','Suspendisse potenti. Nullam porttitor lacus at turpis. Donec posuere metus vitae ipsum.');
INSERT INTO `students` (`idStudents`,`f_name`,`s_name`,`m_name`,`group`,`date_in`,`date_out`,`status`,`birthday`,`education`,`contact_number`,`additional_information`) VALUES (4,'Berrie','Griniov','Putnam',19,'2017-11-22','2017-09-06',0,'1963-07-02','Austin Peay State University','9742102717','Phasellus sit amet erat. Nulla tempus. Vivamus in felis eu sapien cursus vestibulum. Proin eu mi. Nulla ac enim. In tempor, turpis nec euismod scelerisque, quam turpis adipiscing lorem, vitae mattis nibh ligula nec sem.');
INSERT INTO `students` (`idStudents`,`f_name`,`s_name`,`m_name`,`group`,`date_in`,`date_out`,`status`,`birthday`,`education`,`contact_number`,`additional_information`) VALUES (5,'Sidnee','Meeny','Rutherford',20,'2017-11-16','2017-12-22',1,'2011-04-04','University of Pannonia','8009631770','Quisque ut erat. Curabitur gravida nisi at nibh. In hac habitasse platea dictumst.');
INSERT INTO `students` (`idStudents`,`f_name`,`s_name`,`m_name`,`group`,`date_in`,`date_out`,`status`,`birthday`,`education`,`contact_number`,`additional_information`) VALUES (6,'Rodd','Chartman','Ester',3,'2017-09-28','2017-10-06',0,'1987-10-14','Universidad Central','3719431947','Maecenas tristique, est et tempus semper, est quam pharetra magna, ac consequat metus sapien ut nunc. Vestibulum ante ipsum primis in faucibus orci luctus et ultrices posuere cubilia Curae; Mauris viverra diam vitae quam. Suspendisse potenti. Nullam porttitor lacus at turpis. Donec posuere metus vitae ipsum.');
INSERT INTO `students` (`idStudents`,`f_name`,`s_name`,`m_name`,`group`,`date_in`,`date_out`,`status`,`birthday`,`education`,`contact_number`,`additional_information`) VALUES (7,'Jobye','Screwton','Temp',7,'2017-08-12','2018-04-29',1,'2002-02-16','Universite Cadi Ayyad','3851895398','Pellentesque eget nunc. Donec quis orci eget orci vehicula condimentum. Curabitur in libero ut massa volutpat convallis. Morbi odio odio, elementum eu, interdum eu, tincidunt in, leo.');
INSERT INTO `students` (`idStudents`,`f_name`,`s_name`,`m_name`,`group`,`date_in`,`date_out`,`status`,`birthday`,`education`,`contact_number`,`additional_information`) VALUES (8,'Thorsten','Peach','Bard',16,'2017-10-27','2017-10-11',1,'1994-04-11','Yale University','3462131921','Aliquam sit amet diam in magna bibendum imperdiet.');
INSERT INTO `students` (`idStudents`,`f_name`,`s_name`,`m_name`,`group`,`date_in`,`date_out`,`status`,`birthday`,`education`,`contact_number`,`additional_information`) VALUES (9,'Roscoe','Gouinlock','Salvador',10,'2017-07-21','2017-09-11',0,'1997-01-25','Universitat de Vic','9486133840','Nullam varius. Nulla facilisi. Cras non velit nec nisi vulputate nonummy. Maecenas tincidunt lacus at velit. Vivamus vel nulla eget eros elementum pellentesque.');
INSERT INTO `students` (`idStudents`,`f_name`,`s_name`,`m_name`,`group`,`date_in`,`date_out`,`status`,`birthday`,`education`,`contact_number`,`additional_information`) VALUES (10,'Ricardo','Melville','Horatio',11,'2018-06-16','2017-10-12',1,'1977-07-30','Universite Chretienne du Nord d\'Haiti','2516078019','Duis aliquam convallis nunc. Proin at turpis a pede posuere nonummy.');
INSERT INTO `students` (`idStudents`,`f_name`,`s_name`,`m_name`,`group`,`date_in`,`date_out`,`status`,`birthday`,`education`,`contact_number`,`additional_information`) VALUES (11,'Torrie','Kearton','Evey',19,'2017-11-26','2017-10-10',1,'2006-08-13','Fukui Prefectural University','3654432519','Integer tincidunt ante vel ipsum. Praesent blandit lacinia erat. Vestibulum sed magna at nunc commodo placerat. Praesent blandit. Nam nulla.');
INSERT INTO `students` (`idStudents`,`f_name`,`s_name`,`m_name`,`group`,`date_in`,`date_out`,`status`,`birthday`,`education`,`contact_number`,`additional_information`) VALUES (12,'Rinaldo','Sissons','Lise',1,'2018-03-16','2018-02-01',1,'2009-12-26','Universidade Regional do Cariri','6805476907','Proin leo odio, porttitor id, consequat in, consequat ut, nulla. Sed accumsan felis. Ut at dolor quis odio consequat varius.');
INSERT INTO `students` (`idStudents`,`f_name`,`s_name`,`m_name`,`group`,`date_in`,`date_out`,`status`,`birthday`,`education`,`contact_number`,`additional_information`) VALUES (13,'Boone','Bullier','Haley',14,'2018-03-08','2018-05-13',0,'1974-01-05','Universitas Andalas','4239541441','Donec vitae nisi. Nam ultrices, libero non mattis pulvinar, nulla pede ullamcorper augue, a suscipit nulla elit ac nulla. Sed vel enim sit amet nunc viverra dapibus. Nulla suscipit ligula in lacus. Curabitur at ipsum ac tellus semper interdum.');
INSERT INTO `students` (`idStudents`,`f_name`,`s_name`,`m_name`,`group`,`date_in`,`date_out`,`status`,`birthday`,`education`,`contact_number`,`additional_information`) VALUES (14,'Aloisia','Storer','Norri',1,'2018-04-23','2017-12-23',0,'1969-10-25','FON University','6185339457','Nunc purus. Phasellus in felis. Donec semper sapien a libero. Nam dui. Proin leo odio, porttitor id, consequat in, consequat ut, nulla.');
INSERT INTO `students` (`idStudents`,`f_name`,`s_name`,`m_name`,`group`,`date_in`,`date_out`,`status`,`birthday`,`education`,`contact_number`,`additional_information`) VALUES (15,'Bob','Raitt','Arlen',20,'2018-06-14','2017-10-12',0,'1974-02-14','University of Pitesti','9586529387','Maecenas rhoncus aliquam lacus. Morbi quis tortor id nulla ultrices aliquet.');
INSERT INTO `students` (`idStudents`,`f_name`,`s_name`,`m_name`,`group`,`date_in`,`date_out`,`status`,`birthday`,`education`,`contact_number`,`additional_information`) VALUES (16,'Lynne','Thunnercliffe','Josh',7,'2018-05-08','2017-12-17',0,'2009-10-31','Yerevan Haibusak University','1505660522','Vestibulum quam sapien, varius ut, blandit non, interdum in, ante. Vestibulum ante ipsum primis in faucibus orci luctus et ultrices posuere cubilia Curae; Duis faucibus accumsan odio.');
INSERT INTO `students` (`idStudents`,`f_name`,`s_name`,`m_name`,`group`,`date_in`,`date_out`,`status`,`birthday`,`education`,`contact_number`,`additional_information`) VALUES (17,'Pietrek','Dubbin','Beltran',16,'2017-09-28','2018-02-17',0,'1971-07-20','Miyagi University','9402926682','Aenean fermentum. Donec ut mauris eget massa tempor convallis. Nulla neque libero, convallis eget, eleifend luctus, ultricies eu, nibh.');
INSERT INTO `students` (`idStudents`,`f_name`,`s_name`,`m_name`,`group`,`date_in`,`date_out`,`status`,`birthday`,`education`,`contact_number`,`additional_information`) VALUES (18,'Davina','Duggary','Kizzie',9,'2018-01-25','2017-10-31',0,'1982-08-25','Szent Istvan University','4575129400','Pellentesque eget nunc. Donec quis orci eget orci vehicula condimentum. Curabitur in libero ut massa volutpat convallis.');
INSERT INTO `students` (`idStudents`,`f_name`,`s_name`,`m_name`,`group`,`date_in`,`date_out`,`status`,`birthday`,`education`,`contact_number`,`additional_information`) VALUES (19,'Ronalda','Romke','Georgia',20,'2017-10-08','2017-07-23',0,'2000-12-16','Africa Nazarene University','3077083311','Duis mattis egestas metus.');
INSERT INTO `students` (`idStudents`,`f_name`,`s_name`,`m_name`,`group`,`date_in`,`date_out`,`status`,`birthday`,`education`,`contact_number`,`additional_information`) VALUES (20,'Emeline','Laurencot','Rica',6,'2018-03-23','2017-10-17',1,'2017-01-31','University of Northern Bahr El-Ghazal','4735071009','Vestibulum ante ipsum primis in faucibus orci luctus et ultrices posuere cubilia Curae; Nulla dapibus dolor vel est. Donec odio justo, sollicitudin ut, suscipit a, feugiat et, eros. Vestibulum ac est lacinia nisi venenatis tristique. Fusce congue, diam id ornare imperdiet, sapien urna pretium nisl, ut volutpat sapien arcu sed augue. Aliquam erat volutpat.');


/*
-- Query: SELECT * FROM mydb.lessons
LIMIT 0, 1000

-- Date: 2018-06-18 22:40
*/
INSERT INTO `lessons` (`idLessons`,`teacher`,`idTraining`,`idGroup`,`start`,`end`,`theme`,`city`,`street`,`room`,`describe`) VALUES (1,10,3,1,'2017-10-12 23:00:49','2018-04-30 21:40:56','','Xinxing','7 Kensington Drive',609,'Sed sagittis. Nam congue, risus semper porta volutpat, quam pede lobortis ligula, sit amet eleifend pede libero quis orci. Nullam molestie nibh in lectus.');
INSERT INTO `lessons` (`idLessons`,`teacher`,`idTraining`,`idGroup`,`start`,`end`,`theme`,`city`,`street`,`room`,`describe`) VALUES (3,11,9,5,'2018-01-06 03:42:32','2017-08-08 21:59:36','','Straznice','410 Gulseth Parkway',375,'Proin leo odio, porttitor id, consequat in, consequat ut, nulla.');
INSERT INTO `lessons` (`idLessons`,`teacher`,`idTraining`,`idGroup`,`start`,`end`,`theme`,`city`,`street`,`room`,`describe`) VALUES (4,3,7,8,'2018-03-04 20:41:16','2018-04-27 12:06:44','','Comrat','094 Warrior Road',388,'Donec diam neque, vestibulum eget, vulputate ut, ultrices vel, augue.');
INSERT INTO `lessons` (`idLessons`,`teacher`,`idTraining`,`idGroup`,`start`,`end`,`theme`,`city`,`street`,`room`,`describe`) VALUES (6,19,15,2,'2018-03-02 09:11:10','2017-10-26 09:26:48','','Nancun','901 Pierstorff Trail',314,'Integer pede justo, lacinia eget, tincidunt eget, tempus vel, pede. Morbi porttitor lorem id ligula. Suspendisse ornare consequat lectus. In est risus, auctor sed, tristique in, tempus sit amet, sem.');
INSERT INTO `lessons` (`idLessons`,`teacher`,`idTraining`,`idGroup`,`start`,`end`,`theme`,`city`,`street`,`room`,`describe`) VALUES (7,1,9,10,'2017-12-03 21:21:18','2017-07-20 12:07:58','','Murmino','72 New Castle Point',256,'Maecenas rhoncus aliquam lacus.');
INSERT INTO `lessons` (`idLessons`,`teacher`,`idTraining`,`idGroup`,`start`,`end`,`theme`,`city`,`street`,`room`,`describe`) VALUES (8,19,8,7,'2017-10-06 13:39:26','2017-12-26 15:28:51','','Shatura','9 Comanche Alley',352,'Sed accumsan felis.');
INSERT INTO `lessons` (`idLessons`,`teacher`,`idTraining`,`idGroup`,`start`,`end`,`theme`,`city`,`street`,`room`,`describe`) VALUES (9,17,14,2,'2017-10-29 06:52:49','2018-06-03 12:44:34','','Riga','8 Nobel Road',845,'Morbi vel lectus in quam fringilla rhoncus.');
INSERT INTO `lessons` (`idLessons`,`teacher`,`idTraining`,`idGroup`,`start`,`end`,`theme`,`city`,`street`,`room`,`describe`) VALUES (10,14,19,14,'2018-04-22 17:58:22','2018-04-12 10:46:42','','Niort','2 Becker Court',860,'Nullam varius. Nulla facilisi. Cras non velit nec nisi vulputate nonummy. Maecenas tincidunt lacus at velit.');
INSERT INTO `lessons` (`idLessons`,`teacher`,`idTraining`,`idGroup`,`start`,`end`,`theme`,`city`,`street`,`room`,`describe`) VALUES (11,7,5,9,'2017-08-28 17:41:08','2018-01-16 09:36:07','','Las Heras','4646 Randy Pass',853,'In blandit ultrices enim. Lorem ipsum dolor sit amet, consectetuer adipiscing elit.');
INSERT INTO `lessons` (`idLessons`,`teacher`,`idTraining`,`idGroup`,`start`,`end`,`theme`,`city`,`street`,`room`,`describe`) VALUES (12,6,9,5,'2018-04-09 11:26:10','2018-03-15 04:18:45','','Kladruby','8 Michigan Hill',22,'Vivamus vestibulum sagittis sapien. Cum sociis natoque penatibus et magnis dis parturient montes, nascetur ridiculus mus. Etiam vel augue.');
INSERT INTO `lessons` (`idLessons`,`teacher`,`idTraining`,`idGroup`,`start`,`end`,`theme`,`city`,`street`,`room`,`describe`) VALUES (13,4,1,19,'2017-09-22 09:59:31','2018-05-06 16:35:48','','Semeljci','625 Morrow Center',559,'Maecenas rhoncus aliquam lacus.');
INSERT INTO `lessons` (`idLessons`,`teacher`,`idTraining`,`idGroup`,`start`,`end`,`theme`,`city`,`street`,`room`,`describe`) VALUES (14,10,13,15,'2017-08-19 08:14:22','2018-06-11 17:30:33','','Isla Pucu','7 Dayton Avenue',343,'Morbi non quam nec dui luctus rutrum.');
INSERT INTO `lessons` (`idLessons`,`teacher`,`idTraining`,`idGroup`,`start`,`end`,`theme`,`city`,`street`,`room`,`describe`) VALUES (16,1,2,15,'2017-12-08 05:17:03','2017-08-08 01:45:09','','Moravsky Krumlov','866 Cordelia Center',958,'Curabitur gravida nisi at nibh. In hac habitasse platea dictumst. Aliquam augue quam, sollicitudin vitae, consectetuer eget, rutrum at, lorem.');
INSERT INTO `lessons` (`idLessons`,`teacher`,`idTraining`,`idGroup`,`start`,`end`,`theme`,`city`,`street`,`room`,`describe`) VALUES (17,18,15,16,'2017-12-29 21:47:38','2018-04-18 22:19:47','','Thanh Ph? Ph? Ly','9525 Londonderry Place',206,'Cras in purus eu magna vulputate luctus. Cum sociis natoque penatibus et magnis dis parturient montes, nascetur ridiculus mus.');
INSERT INTO `lessons` (`idLessons`,`teacher`,`idTraining`,`idGroup`,`start`,`end`,`theme`,`city`,`street`,`room`,`describe`) VALUES (18,11,14,5,'2018-02-20 20:38:00','2018-06-10 08:16:05','','El Quetzal','1 Hanson Crossing',70,'Quisque arcu libero, rutrum ac, lobortis vel, dapibus at, diam.');
INSERT INTO `lessons` (`idLessons`,`teacher`,`idTraining`,`idGroup`,`start`,`end`,`theme`,`city`,`street`,`room`,`describe`) VALUES (19,14,10,8,'2018-03-06 13:18:53','2017-10-14 16:37:32','','Balabag','4568 Butterfield Way',550,'Maecenas rhoncus aliquam lacus. Morbi quis tortor id nulla ultrices aliquet. Maecenas leo odio, condimentum id, luctus nec, molestie sed, justo. Pellentesque viverra pede ac diam.');
INSERT INTO `lessons` (`idLessons`,`teacher`,`idTraining`,`idGroup`,`start`,`end`,`theme`,`city`,`street`,`room`,`describe`) VALUES (20,14,13,3,'2017-12-07 14:14:45','2018-06-01 22:38:58','','Nicosia','79 Northport Plaza',488,'Aenean lectus. Pellentesque eget nunc. Donec quis orci eget orci vehicula condimentum.');

/*
-- Query: SELECT * FROM mydb.tasks
LIMIT 0, 1000

-- Date: 2018-06-18 22:42
*/
INSERT INTO `tasks` (`idTask`,`idTraining`,`name`,`describe`,`start_date`,`deadline`) VALUES (1,16,'Vivamus tortor.','Donec posuere metus vitae ipsum. Aliquam non mauris. Morbi non lectus.','2017-10-16 02:13:49','2018-02-22 08:22:04');
INSERT INTO `tasks` (`idTask`,`idTraining`,`name`,`describe`,`start_date`,`deadline`) VALUES (2,14,'Suspendisse potenti.','Nullam porttitor lacus at turpis. Donec posuere metus vitae ipsum. Aliquam non mauris.','2017-06-19 16:05:56','2018-04-15 12:21:09');
INSERT INTO `tasks` (`idTask`,`idTraining`,`name`,`describe`,`start_date`,`deadline`) VALUES (3,3,'Praesent id massa id nisl venenatis lacinia.','Vestibulum ante ipsum primis in faucibus orci luctus et ultrices posuere cubilia Curae; Duis faucibus accumsan odio. Curabitur convallis.','2017-07-29 22:52:22','2018-03-06 14:09:20');
INSERT INTO `tasks` (`idTask`,`idTraining`,`name`,`describe`,`start_date`,`deadline`) VALUES (4,7,'Praesent blandit lacinia erat.','Donec diam neque, vestibulum eget, vulputate ut, ultrices vel, augue. Vestibulum ante ipsum primis in faucibus orci luctus et ultrices posuere cubilia Curae; Donec pharetra, magna vestibulum aliquet ultrices, erat tortor sollicitudin mi, sit amet lobortis sapien sapien non mi. Integer ac neque.','2017-10-09 09:36:08','2017-09-24 04:03:00');
INSERT INTO `tasks` (`idTask`,`idTraining`,`name`,`describe`,`start_date`,`deadline`) VALUES (6,8,'Suspendisse potenti.','Etiam faucibus cursus urna. Ut tellus.','2018-04-26 19:36:04','2017-07-22 09:07:40');
INSERT INTO `tasks` (`idTask`,`idTraining`,`name`,`describe`,`start_date`,`deadline`) VALUES (8,6,'Nulla justo.','Nullam molestie nibh in lectus.','2018-03-12 07:12:16','2017-10-31 04:15:53');
INSERT INTO `tasks` (`idTask`,`idTraining`,`name`,`describe`,`start_date`,`deadline`) VALUES (11,15,'Phasellus sit amet erat.','Curabitur at ipsum ac tellus semper interdum.','2017-10-31 18:07:40','2018-04-09 15:38:32');
INSERT INTO `tasks` (`idTask`,`idTraining`,`name`,`describe`,`start_date`,`deadline`) VALUES (13,2,'Vivamus in felis eu sapien cursus vestibulum.','Donec semper sapien a libero.','2018-02-02 05:17:49','2017-07-14 22:33:38');
INSERT INTO `tasks` (`idTask`,`idTraining`,`name`,`describe`,`start_date`,`deadline`) VALUES (14,8,'Nulla facilisi.','Nulla tempus. Vivamus in felis eu sapien cursus vestibulum. Proin eu mi.','2018-05-27 06:47:22','2018-05-10 19:24:18');
INSERT INTO `tasks` (`idTask`,`idTraining`,`name`,`describe`,`start_date`,`deadline`) VALUES (15,6,'Curabitur convallis.','Vestibulum sed magna at nunc commodo placerat. Praesent blandit. Nam nulla.','2017-10-19 16:09:56','2017-10-05 06:17:55');
INSERT INTO `tasks` (`idTask`,`idTraining`,`name`,`describe`,`start_date`,`deadline`) VALUES (16,20,'In congue.','Nullam varius.','2018-01-04 19:16:19','2018-03-12 19:50:07');
INSERT INTO `tasks` (`idTask`,`idTraining`,`name`,`describe`,`start_date`,`deadline`) VALUES (18,8,'In blandit ultrices enim.','In tempor, turpis nec euismod scelerisque, quam turpis adipiscing lorem, vitae mattis nibh ligula nec sem. Duis aliquam convallis nunc. Proin at turpis a pede posuere nonummy.','2017-10-18 12:22:01','2018-01-27 21:18:16');
INSERT INTO `tasks` (`idTask`,`idTraining`,`name`,`describe`,`start_date`,`deadline`) VALUES (19,4,'Aliquam non mauris.','Nulla mollis molestie lorem.','2017-10-13 06:56:59','2018-05-21 13:05:10');
INSERT INTO `tasks` (`idTask`,`idTraining`,`name`,`describe`,`start_date`,`deadline`) VALUES (20,1,'Praesent blandit.','Maecenas rhoncus aliquam lacus.','2017-08-10 01:58:37','2017-07-25 10:25:48');

/*
-- Query: SELECT * FROM mydb.studentresults
LIMIT 0, 1000

-- Date: 2018-06-18 22:43
*/
INSERT INTO `studentresults` (`Students_idStudents`,`idTask`,`mark`,`comments`) VALUES (2,6,8,'Donec quis orci eget orci vehicula condimentum.');
INSERT INTO `studentresults` (`Students_idStudents`,`idTask`,`mark`,`comments`) VALUES (2,20,9,'In blandit ultrices enim. Lorem ipsum dolor sit amet, consectetuer adipiscing elit.');
INSERT INTO `studentresults` (`Students_idStudents`,`idTask`,`mark`,`comments`) VALUES (3,3,4,'Mauris ullamcorper purus sit amet nulla.');
INSERT INTO `studentresults` (`Students_idStudents`,`idTask`,`mark`,`comments`) VALUES (3,19,3,'Maecenas tristique, est et tempus semper, est quam pharetra magna, ac consequat metus sapien ut nunc. Vestibulum ante ipsum primis in faucibus orci luctus et ultrices posuere cubilia Curae; Mauris viverra diam vitae quam.');
INSERT INTO `studentresults` (`Students_idStudents`,`idTask`,`mark`,`comments`) VALUES (3,20,7,'Vestibulum ac est lacinia nisi venenatis tristique.');
INSERT INTO `studentresults` (`Students_idStudents`,`idTask`,`mark`,`comments`) VALUES (4,6,3,'Morbi non quam nec dui luctus rutrum. Nulla tellus.');
INSERT INTO `studentresults` (`Students_idStudents`,`idTask`,`mark`,`comments`) VALUES (4,19,2,'Praesent blandit lacinia erat.');
INSERT INTO `studentresults` (`Students_idStudents`,`idTask`,`mark`,`comments`) VALUES (5,6,1,'Mauris sit amet eros. Suspendisse accumsan tortor quis turpis.');
INSERT INTO `studentresults` (`Students_idStudents`,`idTask`,`mark`,`comments`) VALUES (10,2,9,'Donec ut mauris eget massa tempor convallis. Nulla neque libero, convallis eget, eleifend luctus, ultricies eu, nibh.');
INSERT INTO `studentresults` (`Students_idStudents`,`idTask`,`mark`,`comments`) VALUES (15,20,3,'Nulla mollis molestie lorem. Quisque ut erat.');
INSERT INTO `studentresults` (`Students_idStudents`,`idTask`,`mark`,`comments`) VALUES (16,3,7,'Donec semper sapien a libero.');
INSERT INTO `studentresults` (`Students_idStudents`,`idTask`,`mark`,`comments`) VALUES (16,4,5,'Praesent lectus. Vestibulum quam sapien, varius ut, blandit non, interdum in, ante.');
INSERT INTO `studentresults` (`Students_idStudents`,`idTask`,`mark`,`comments`) VALUES (18,15,6,'Duis aliquam convallis nunc.');
INSERT INTO `studentresults` (`Students_idStudents`,`idTask`,`mark`,`comments`) VALUES (20,4,1,'Donec vitae nisi.');
INSERT INTO `studentresults` (`Students_idStudents`,`idTask`,`mark`,`comments`) VALUES (20,20,1,'Suspendisse potenti.');


